EDGE_BUCKET,bets,hits,hit_rate,avg_edge,avg_model_prob,avg_odds
< -0.20,24109,12239.0,0.5076527437886267,-0.3345537911755342,0.22067359778037368,-82.57965904848811
-0.20 to -0.10,13278,4775.0,0.3596174122608827,-0.14884443372090506,0.26727255476389,117.3953908721193
-0.10 to -0.05,6688,2139.0,0.31982655502392343,-0.07580291690962714,0.28578986681472335,218.65101674641147
-0.05 to 0.00,5960,1502.0,0.25201342281879197,-0.02633015942396058,0.26941832622576367,357.2228187919463
0.00 to 0.05,4392,919.0,0.2092440801457195,0.02435916631989759,0.27461715915217727,458.30669398907105
0.05 to 0.10,4002,688.0,0.17191404297851073,0.07504971622468748,0.2912735081562606,470.28435782108943
0.10 to 0.20,8244,1046.0,0.12688015526443475,0.14893080029838857,0.31433652539221285,645.2170063076177
>= 0.20,7292,488.0,0.06692265496434449,0.25853246361826404,0.3543668200132873,1301.963384530993
