MODEL_PROB_BUCKET,bets,hits,hit_rate,avg_edge,avg_model_prob,avg_odds
0.70-0.80,48,28.0,0.5833333333333334,0.11804069824760073,0.7333416375951193,-126.75
0.50-0.60,312,158.0,0.5064102564102564,0.04179470290365617,0.5554909634733861,-28.137820512820515
0.60-0.70,410,193.0,0.47073170731707314,0.19466380050719137,0.6484795282515824,186.4878048780488
0.40-0.50,3018,1182.0,0.39165009940357853,-0.00825912354079739,0.4220155781984596,160.4963552021206
0.20-0.30,15181,5157.0,0.33970094196693235,-0.1242044192176916,0.2572842695205135,304.90376128054805
0.30-0.40,37748,12426.0,0.3291830030730105,-0.031235102313336573,0.34208861351384157,280.4926883543499
0.10-0.20,10129,2969.0,0.29311876789416524,-0.18912948286159426,0.148833993257882,326.32026853588707
0.00-0.10,8606,2252.0,0.2616778991401348,-0.262279788971841,0.054285951209536436,357.28968161747616
