CONFIDENCE_TIER,bets,hits,hit_rate,avg_edge,avg_model_prob,avg_odds
UNKNOWN,2905,1290.0,0.4440619621342513,-0.16471899462703934,0.3390344748404093,-16.32908777969019
LEAN,6763,3001.0,0.4437379861008428,-0.14223523970860869,0.33533702941234794,28.142540292769482
ELITE,2819,1215.0,0.43100390209294076,-0.06411098369944901,0.391541360501003,58.28946434905995
SOLID,4827,1998.0,0.4139216904909882,-0.09370609893604231,0.37217857124249154,41.64532836130102
VOLATILE,56651,16292.0,0.28758539125522936,-0.09023987092071004,0.243249869837169,377.0288962242502
