LINE_TYPE,bets,hits,hit_rate,avg_edge,avg_model_prob,avg_odds
BASE,33767,15197.0,0.45005478721829006,-0.2157407918182948,0.2773071062623409,15.183255841502058
ALT,41685,9168.0,0.21993522849946023,0.00290341886644239,0.26815214192068276,518.8964135780257
